{"ay": 242.30155386585295, "v0": 102.87267854684546, "u0": 152.62438821141495}